test_loss,test_acc,epoch,step
2.3028578758239746,0.38181817531585693,9,51
